<?xml version="1.0" encoding="UTF-8"?>
<schemalist>
    <schema 
        path="/org/gnome/shell/extensions/Battery-Health-Charging/" 
        id="org.gnome.shell.extensions.Battery-Health-Charging">
        <key type="i" name="charger-limit">
            <default>100</default>
            <summary>Charging Limit</summary>
            <description>Current selected charging limit</description>
        </key>
        <key type="i" name="icon-style-type">
            <default>0</default>
            <summary>Enum to select the icon style</summary>
        </key>
        <key type="b" name="show-system-indicator">
            <default>true</default>
            <summary>Toggle to show systemindicator</summary>
        </key>
        <key type="b" name="install-service">
            <default>false</default>
            <summary>Install service</summary>
        </key>
    </schema>
</schemalist>

